{
  "JCT1080p": {
    "BasketballDrive/BasketballDrive": {
      "model_dcvc_quality_0_psnr.pth": {
        "ewpsnr": 35.6138,
        "i_frame_num": 1,
        "p_frame_num": 11,
        "ave_i_frame_bpp": 0.0789355198542277,
        "ave_i_frame_quality": 34.14060592651367,
        "ave_p_frame_bpp": 0.02264248782938177,
        "ave_p_frame_bpp_mv_y": 0.006567180834033273,
        "ave_p_frame_bpp_mv_z": 0.0003823833381333812,
        "ave_p_frame_bpp_y": 0.014826152050359682,
        "ave_p_frame_bpp_z": 0.0008667715803974054,
        "ave_p_frame_quality": 33.15013122558594,
        "ave_all_frame_bpp": 0.027333573831452265,
        "ave_all_frame_quality": 33.23267078399658
      },
      "model_dcvc_quality_1_psnr.pth": {
        "ewpsnr": 36.6075,
        "i_frame_num": 1,
        "p_frame_num": 11,
        "ave_i_frame_bpp": 0.11468579769134521,
        "ave_i_frame_quality": 35.20065689086914,
        "ave_p_frame_bpp": 0.03323571942746639,
        "ave_p_frame_bpp_mv_y": 0.008432116444137964,
        "ave_p_frame_bpp_mv_z": 0.0004853043064940721,
        "ave_p_frame_bpp_y": 0.023154639554294674,
        "ave_p_frame_bpp_z": 0.0011636589558541098,
        "ave_p_frame_quality": 34.248079473322086,
        "ave_all_frame_bpp": 0.040023225949456294,
        "ave_all_frame_quality": 34.32746092478434
      },
      "model_dcvc_quality_2_psnr.pth": {
        "ewpsnr": 37.4236,
        "i_frame_num": 1,
        "p_frame_num": 11,
        "ave_i_frame_bpp": 0.16636880238850912,
        "ave_i_frame_quality": 36.00312042236328,
        "ave_p_frame_bpp": 0.04860763454979116,
        "ave_p_frame_bpp_mv_y": 0.010746111416003921,
        "ave_p_frame_bpp_mv_z": 0.0006175291915000839,
        "ave_p_frame_bpp_y": 0.03574504178356041,
        "ave_p_frame_bpp_z": 0.0014989516930654645,
        "ave_p_frame_quality": 35.13890387795188,
        "ave_all_frame_bpp": 0.05842106520301766,
        "ave_all_frame_quality": 35.210921923319496
      },
      "model_dcvc_quality_3_psnr.pth": {
        "ewpsnr": 38.0011,
        "i_frame_num": 1,
        "p_frame_num": 11,
        "ave_i_frame_bpp": 0.2557096004486084,
        "ave_i_frame_quality": 36.717369079589844,
        "ave_p_frame_bpp": 0.07484192197973077,
        "ave_p_frame_bpp_mv_y": 0.013788671825419773,
        "ave_p_frame_bpp_mv_z": 0.0007915284844454039,
        "ave_p_frame_bpp_y": 0.05841836536472494,
        "ave_p_frame_bpp_z": 0.0018433572258800268,
        "ave_p_frame_quality": 35.8707837191495,
        "ave_all_frame_bpp": 0.08991422851880392,
        "ave_all_frame_quality": 35.941332499186196
      }
    },
    "ParkScene/ParkScene": {
      "model_dcvc_quality_0_psnr.pth": {
        "ewpsnr": 33.2568,
        "i_frame_num": 1,
        "p_frame_num": 11,
        "ave_i_frame_bpp": 0.18032436370849608,
        "ave_i_frame_quality": 31.80097770690918,
        "ave_p_frame_bpp": 0.022512930530038746,
        "ave_p_frame_bpp_mv_y": 0.007086014925417575,
        "ave_p_frame_bpp_mv_z": 0.00040119456984526056,
        "ave_p_frame_bpp_y": 0.0139511766504835,
        "ave_p_frame_bpp_z": 0.0010745447308925743,
        "ave_p_frame_quality": 30.84983426874334,
        "ave_all_frame_bpp": 0.035663883294910194,
        "ave_all_frame_quality": 30.929096221923828
      },
      "model_dcvc_quality_1_psnr.pth": {
        "ewpsnr": 34.7269,
        "i_frame_num": 1,
        "p_frame_num": 11,
        "ave_i_frame_bpp": 0.27465702692667643,
        "ave_i_frame_quality": 33.22157287597656,
        "ave_p_frame_bpp": 0.03672569736161015,
        "ave_p_frame_bpp_mv_y": 0.008767960677770052,
        "ave_p_frame_bpp_mv_z": 0.0005334821709601039,
        "ave_p_frame_bpp_y": 0.025934054092927414,
        "ave_p_frame_bpp_z": 0.0014901995468376713,
        "ave_p_frame_quality": 32.092295213179156,
        "ave_all_frame_bpp": 0.05655330815869901,
        "ave_all_frame_quality": 32.18640168507894
      },
      "model_dcvc_quality_2_psnr.pth": {
        "ewpsnr": 36.2204,
        "i_frame_num": 1,
        "p_frame_num": 11,
        "ave_i_frame_bpp": 0.4135173161824544,
        "ave_i_frame_quality": 34.62997055053711,
        "ave_p_frame_bpp": 0.06221384351903742,
        "ave_p_frame_bpp_mv_y": 0.010864560830999504,
        "ave_p_frame_bpp_mv_z": 0.0006958109760572287,
        "ave_p_frame_bpp_y": 0.04869175431403247,
        "ave_p_frame_bpp_z": 0.0019617169693281703,
        "ave_p_frame_quality": 33.38435849276456,
        "ave_all_frame_bpp": 0.09148913290765551,
        "ave_all_frame_quality": 33.48815949757894
      },
      "model_dcvc_quality_3_psnr.pth": {
        "ewpsnr": 37.468,
        "i_frame_num": 1,
        "p_frame_num": 11,
        "ave_i_frame_bpp": 0.6007405598958333,
        "ave_i_frame_quality": 35.96027374267578,
        "ave_p_frame_bpp": 0.10554069483822043,
        "ave_p_frame_bpp_mv_y": 0.014371235770258036,
        "ave_p_frame_bpp_mv_z": 0.0008937193144282156,
        "ave_p_frame_bpp_y": 0.08809964223341508,
        "ave_p_frame_bpp_z": 0.0021760971179570665,
        "ave_p_frame_quality": 34.49487027254972,
        "ave_all_frame_bpp": 0.14680735025968816,
        "ave_all_frame_quality": 34.616987228393555
      }
    },
    "Kimono1/Kimono1": {
      "model_dcvc_quality_0_psnr.pth": {
        "ewpsnr": 36.5847,
        "i_frame_num": 1,
        "p_frame_num": 11,
        "ave_i_frame_bpp": 0.09143942991892497,
        "ave_i_frame_quality": 35.23194885253906,
        "ave_p_frame_bpp": 0.03310789354145527,
        "ave_p_frame_bpp_mv_y": 0.010417560877447779,
        "ave_p_frame_bpp_mv_z": 0.00046336139414713466,
        "ave_p_frame_bpp_y": 0.0211495677517219,
        "ave_p_frame_bpp_z": 0.001077402996915308,
        "ave_p_frame_quality": 33.70745086669922,
        "ave_all_frame_bpp": 0.03796885490624441,
        "ave_all_frame_quality": 33.8344923655192
      },
      "model_dcvc_quality_1_psnr.pth": {
        "ewpsnr": 37.8437,
        "i_frame_num": 1,
        "p_frame_num": 11,
        "ave_i_frame_bpp": 0.12601221402486165,
        "ave_i_frame_quality": 36.458805084228516,
        "ave_p_frame_bpp": 0.04860458895564079,
        "ave_p_frame_bpp_mv_y": 0.013321880843829025,
        "ave_p_frame_bpp_mv_z": 0.000621989919719371,
        "ave_p_frame_bpp_y": 0.03326187977059321,
        "ave_p_frame_bpp_z": 0.0013988401677290146,
        "ave_p_frame_quality": 34.877694910222836,
        "ave_all_frame_bpp": 0.05505522437807586,
        "ave_all_frame_quality": 35.009454091389976
      },
      "model_dcvc_quality_2_psnr.pth": {
        "ewpsnr": 39.0529,
        "i_frame_num": 1,
        "p_frame_num": 11,
        "ave_i_frame_bpp": 0.1758532206217448,
        "ave_i_frame_quality": 37.52259826660156,
        "ave_p_frame_bpp": 0.07202836464751851,
        "ave_p_frame_bpp_mv_y": 0.016375396146693012,
        "ave_p_frame_bpp_mv_z": 0.0006932112949223003,
        "ave_p_frame_bpp_y": 0.05332213640213013,
        "ave_p_frame_bpp_z": 0.0016376214758069677,
        "ave_p_frame_quality": 36.01042036576705,
        "ave_all_frame_bpp": 0.08068043597870403,
        "ave_all_frame_quality": 36.136435190836586
      },
      "model_dcvc_quality_3_psnr.pth": {
        "ewpsnr": 40.0174,
        "i_frame_num": 1,
        "p_frame_num": 11,
        "ave_i_frame_bpp": 0.2429105281829834,
        "ave_i_frame_quality": 38.4691162109375,
        "ave_p_frame_bpp": 0.10572694919326088,
        "ave_p_frame_bpp_mv_y": 0.021559340371326965,
        "ave_p_frame_bpp_mv_z": 0.0009282902147705582,
        "ave_p_frame_bpp_y": 0.08149577677249908,
        "ave_p_frame_bpp_z": 0.0017435417235405607,
        "ave_p_frame_quality": 37.04092025756836,
        "ave_all_frame_bpp": 0.1171589141090711,
        "ave_all_frame_quality": 37.159936587015785
      }
    }
  },
  "JCT720p": {
    "KristenAndSara/KristenAndSara": {
      "model_dcvc_quality_0_psnr.pth": {
        "ewpsnr": 37.0901,
        "i_frame_num": 1,
        "p_frame_num": 11,